model,Turkish,Spanish,Japanese,Italian,Vietnamese,Indonesian,Hebrew,German,English,French,Chinese (Simplified),Arabic,Afrikaans,Korean
Qwen_Qwen2.5-1.5B-Instruct,0.5666656542190404,0.7666633080763815,0.9619044727574815,0.599997793360237,0.7714276558584802,0.9190453206441138,0.9285713206074624,0.8809494934480445,0.9761873754210593,0.8999969180681318,0.7047604148628535,0.9809509654471148,0.66666390184649,0.604761417591751
Qwen_Qwen2.5-Math-1.5B-Instruct,0.0,0.0,0.0,0.0,0.0,0.0,0.0,0.03333329242543129,0.9999971001500466,0.0,0.9285691408858132,0.0,0.0,0.0
nvidia_AceMath-1.5B-Instruct,0.0,0.0,0.0,0.0,0.028571287305882865,0.0,0.0,0.0,0.9999968796626645,0.0,0.0,0.0,0.0,0.0
deepseek-ai_DeepSeek-R1-Distill-Qwen-1.5B,0.7999981712770039,0.495235891606809,0.28571406536810545,0.5333314857295733,0.5666660392863451,0.13333298002121655,0.0,0.33333247641835073,0.9999973026975727,0.36666535353114277,0.9952352452792639,0.19999967311228978,0.03809519133271295,0.0
ckpt/ab_ckpts/q25_1.5_50k_14,0.9999991932392243,0.0,0.9999996654485739,0.0,0.9999979761605593,0.0,0.0,0.9999969258514143,0.9999974671960635,0.9999973653903891,0.0,0.0,0.0,0.0
ckpt/sft_1.5b_214,0.9999981331801561,0.0,0.9999998032341674,0.9999973322472281,0.9999991103181214,0.99999720648127,0.9999999374083222,0.9999964164121731,0.8333314407977439,0.9999963590949486,0.9523796994808983,0.9999985463257812,0.7999963224943758,0.9999989963396629
gpt-4o-mini,0.999997937238093,0.9999959704474576,0.9999997538578589,0.966663531303215,0.9999990432234784,0.9999967130031603,0.9999999953603073,0.9999970147623833,0.9999972557000397,0.9999964751441568,0.9714264285928305,0.9999985080188537,0.9666629531673838,0.9999989635461861
gpt-4o,0.966664601879064,0.9999957309337286,0.6666664496520164,0.999996659477352,0.6999991466404196,0.999996846827542,0.5333333176082559,0.999996935073802,0.9999969948742019,0.9999963567031569,0.6857128952339168,0.8666653817466542,0.8666627829734442,0.3333330576240284
