model,Hebrew,Italian,Japanese,Spanish,Korean,Vietnamese,Afrikaans,French,Turkish,German,English,Chinese (Simplified),Arabic,Indonesian
Qwen_Qwen2.5-1.5B-Instruct,0.9285712224685077,0.5999978882873459,0.961904500887176,0.7666637035771849,0.6047611642267072,0.7809514922636983,0.6666640598362825,0.8999965300958803,0.5666657184468424,0.8904732176753214,0.9761875842253751,0.7047600912794436,0.9666649155640389,0.9095214772681097
Qwen_Qwen2.5-Math-1.5B-Instruct,0.0,0.0,0.0,0.0,0.0,0.0,0.0,0.014285674388231917,0.0,0.03333323196351908,0.9999972659271639,0.9238078171642533,0.0,0.0
nvidia_AceMath-1.5B-Instruct,0.0,0.0,0.0,0.0,0.0,0.019047606278304232,0.0,0.0,0.0,0.0,0.9999971580817725,0.0,0.0,0.0
deepseek-ai_DeepSeek-R1-Distill-Qwen-1.5B,0.0,0.533331714928759,0.29047605113707686,0.4999979807119658,0.0,0.5666660879974281,0.04285709652512733,0.3666652446347695,0.7999982132381181,0.33333218060215397,0.9999969015010148,0.99523570224543,0.19999954856576635,0.13333300298797507
