model,Hebrew,Italian,Japanese,Spanish,Korean,Vietnamese,Afrikaans,French,Turkish,German,English,Chinese (Simplified),Arabic,Indonesian
Qwen_Qwen2.5-1.5B-Instruct,0.5608464970438974,0.5661360882718728,0.9153435955594638,0.7777748292965745,0.6772481092378378,0.7037029075661815,0.5238076151274971,0.9153407190190992,0.8095220993071958,0.9999965394069705,0.9999973396193339,0.9576697171777965,0.962961370835103,0.8518495810795221
Qwen_Qwen2.5-Math-1.5B-Instruct,0.0,0.0,0.0,0.0,0.0,0.0,0.0,0.0,0.0,0.0,0.9629600403675591,0.9788336142034687,0.0,0.0
nvidia_AceMath-1.5B-Instruct,0.0,0.0,0.0,0.0,0.0,0.0,0.0,0.0,0.0,0.0,0.9999966986143981,0.0,0.0,0.0
deepseek-ai_DeepSeek-R1-Distill-Qwen-1.5B,0.0,0.222221330891313,0.25925916965545576,0.2962949124471667,0.037036989866726266,0.6984120069338092,0.0,0.07407385329659404,0.7407393834581344,0.03703695435690587,0.9999972403179747,0.9365056972470827,0.07407402013982611,0.0
