model,Hebrew,Italian,Japanese,Spanish,Korean,Vietnamese,Afrikaans,French,Turkish,German,English,Chinese (Simplified),Arabic,Indonesian
Qwen_Qwen2.5-1.5B-Instruct,0.5767194284306785,0.5714266489197081,0.9100526949416433,0.7777747125842237,0.7037030548952322,0.7037030133761354,0.5238074289095279,0.9206315547349063,0.8148131056123019,0.9999969563987992,0.9999973483816146,0.941796978785122,0.9629611433228846,0.8624314951828305
Qwen_Qwen2.5-Math-1.5B-Instruct,0.0,0.0,0.0,0.0,0.00529100740394378,0.0,0.0,0.0,0.0,0.0,0.9629602593302449,0.9894156286249434,0.0,0.0
nvidia_AceMath-1.5B-Instruct,0.0,0.0,0.0,0.0,0.0,0.0,0.0,0.0,0.0,0.0,0.9999971782781101,0.0,0.0,0.0
deepseek-ai_DeepSeek-R1-Distill-Qwen-1.5B,0.0,0.2222216574154204,0.25925918415764726,0.2962949466343738,0.015872977069069653,0.6984118365560557,0.0,0.07407374019515466,0.740739272221383,0.037036970421119815,0.9999968898303384,0.9259232638906215,0.07407393206927639,0.0
