model,Turkish,Spanish,Japanese,Italian,Vietnamese,Indonesian,Hebrew,German,English,French,Chinese (Simplified),Arabic,Afrikaans,Korean
Qwen_Qwen2.5-1.5B-Instruct,0.8148133789661545,0.7777745197629067,0.8994706048110523,0.5872996936119468,0.7037030078152227,0.8677224451387877,0.5555554855607041,0.9947059041399139,0.999997305037268,0.910049668750757,0.941796982695996,0.9629618507777935,0.5185164673049882,0.677248009353647
Qwen_Qwen2.5-Math-1.5B-Instruct,0.0,0.0,0.0,0.0,0.0,0.0,0.0,0.0,0.9629597652152746,0.0,0.9841248607763149,0.0,0.0,0.0
nvidia_AceMath-1.5B-Instruct,0.0,0.0,0.0,0.0,0.0,0.0,0.0,0.0,0.999997500822356,0.0,0.0,0.0,0.0,0.0
deepseek-ai_DeepSeek-R1-Distill-Qwen-1.5B,0.7354481570143365,0.2962951551224939,0.2645501944973995,0.22222152486880764,0.7037029232503106,0.0,0.0,0.03703693581979505,0.9999968571434186,0.07407387085209326,0.9047594576116761,0.07407398629039179,0.0,0.021163943135888236
ckpt/ab_ckpts/q25_1.5_50k_14,0.0,0.9999961113970773,0.0,0.0,0.0,0.0,0.9999999996892328,0.0,0.0,0.0,0.0,0.0,0.0,0.0
ckpt/sft_1.5b_214,0.9999995282673042,0.9999946190878906,0.6666665854764494,0.6666641008000557,0.0,0.4999986066339018,0.999999997032556,0.9999976386896233,0.6666639383066711,0.9999959041796465,0.9999976729549436,0.9999980284857342,0.3749988900474208,0.9999999512427018
gpt-4o-mini,0.9999981452363786,0.9999959049764487,0.9629627234976904,0.9629594906832487,0.9999990755834441,0.8888863645564578,0.9629629496597768,0.9999967298990269,0.9999970593849389,0.9999965502620101,0.9788333889646138,0.9999985809124196,0.777774366034333,0.999998732893241
gpt-4o,0.8888870217003896,0.9999956365307939,0.7777776367223234,0.962959958159057,0.7407403030833641,0.8518496826518986,0.8148148002946116,0.9259230705434144,0.9999967726707579,0.9999966445125343,0.7089930302490699,0.9629613418451377,0.5185163564356415,0.37037000861852143
