model,Hebrew,Italian,Japanese,Spanish,Korean,Vietnamese,Afrikaans,French,Turkish,German,English,Chinese (Simplified),Arabic,Indonesian
Qwen_Qwen2.5-1.5B-Instruct,0.6555967611695915,0.6275388213888363,0.7841394343002748,0.7706791580185186,0.5556822334810191,0.7300307475563671,0.34101488932873286,0.8104751948309435,0.49384388990193256,0.7577988460475705,0.9865486649250146,0.697106863672211,0.8565689407843295,0.8144838120426622
Qwen_Qwen2.5-Math-1.5B-Instruct,0.0,0.0472371451542339,0.0,0.0051531482613989,0.0025765873709842385,0.003435432623787401,0.0005725908686798551,0.047809713841685024,0.0014314298324656118,0.0034354260420035795,0.9985658019390721,0.9478936444967875,0.0,0.002576577663177471
nvidia_AceMath-1.5B-Instruct,0.0,0.09274409373331559,0.004580587745469156,0.022330292790780512,0.0017177172885165207,0.0020040058547071064,0.000858861063216523,0.012882869993232671,0.010592599286897961,0.0020040002237553286,0.9936988263297334,0.01946745975920191,0.0,0.0020040039591525177
deepseek-ai_DeepSeek-R1-Distill-Qwen-1.5B,0.012596616730733059,0.6767798263630944,0.31806450104462447,0.8078983124680346,0.0051531586340528455,0.8760368389025189,0.13970741912449897,0.6346957294786598,0.7557957131254059,0.5256209839549545,0.9997107436030401,0.9238453349213084,0.24706515012299263,0.5462338916047702
