model,Hebrew,Italian,Japanese,Spanish,Korean,Vietnamese,Afrikaans,French,Turkish,German,English,Chinese (Simplified),Arabic,Indonesian
Qwen_Qwen2.5-1.5B-Instruct,0.6576007758427383,0.6272176030426386,0.783566848342604,0.7709672729109313,0.5559684666054561,0.7306032352947781,0.3447028085547522,0.8096163259139738,0.49642041642104934,0.7609480441902123,0.9864848048560076,0.6973931800598906,0.8568552510517137,0.8164878548153519
Qwen_Qwen2.5-Math-1.5B-Instruct,0.0,0.048382309324515115,0.0,0.004294292944929108,0.004008022520313716,0.003149125306040424,0.0,0.046950904623571856,0.001717719355844597,0.003149141524025295,0.9988528778218682,0.9435994508147613,0.0,0.003435428379083048
nvidia_AceMath-1.5B-Instruct,0.0,0.09332920644963395,0.004008015833638894,0.022043999279363038,0.0020040061125149214,0.002290292481589678,0.00028629337977871945,0.012882871352461285,0.011165172249630735,0.0020039999385879654,0.9936988005883265,0.019181177553950348,0.0,0.0020040008876398485
deepseek-ai_DeepSeek-R1-Distill-Qwen-1.5B,0.013169182471460792,0.6721993405815704,0.31491534682144273,0.8087570796212216,0.004866874345775719,0.8757505129665091,0.13884856111255103,0.6341231488769531,0.7537917082083627,0.5241895650645102,0.999424465812059,0.9258494596113251,0.24563370331145581,0.5459475784282841
