model,Turkish,Spanish,Japanese,Italian,Vietnamese,Indonesian,Hebrew,German,English,French,Chinese (Simplified),Arabic,Afrikaans,Korean
Qwen_Qwen2.5-1.5B-Instruct,0.4964204391611848,0.7698222011344185,0.7852845998600426,0.6278250443652652,0.733466209268511,0.8147701170307113,0.6547379152794627,0.7600892037032865,0.9866210141036486,0.811334081081485,0.7016874367603053,0.853706089473067,0.3449743958766181,0.5539645263856497
Qwen_Qwen2.5-Math-1.5B-Instruct,0.001431433309264787,0.005153151813338119,0.0,0.04695086579059536,0.002862860397151396,0.0034354289342863335,0.0,0.003149146261002493,0.9982879981283219,0.0483822848310293,0.9470349121733662,0.0,0.0005592935112518144,0.0034354407645483423
nvidia_AceMath-1.5B-Instruct,0.011737736274869253,0.022043989710243378,0.004008013333206822,0.09361547543744277,0.0017177210464971258,0.002004002512900505,0.0,0.002004004608655164,0.9936987797358552,0.012882863123584836,0.01946745996336521,0.0,0.00028628688867892517,0.000858860337161928
deepseek-ai_DeepSeek-R1-Distill-Qwen-1.5B,0.7529327480781394,0.8076119309369547,0.31348389296487644,0.6742032442673882,0.8757505639619079,0.5488104367327661,0.01231032326078953,0.524762130710081,0.9999970479928162,0.6344094724028738,0.9244179966871762,0.24649257229663782,0.14116524912420664,0.005725732390400092
ckpt/ab_ckpts/q25_1.5_50k_14,0.9801961969876314,0.9999959672836746,0.9999997219919289,0.9830475446324553,0.9911494498006431,0.9999973239274719,0.9897958670786344,0.9918002409414207,0.982755756079662,0.9797946612931785,0.3121685761488357,0.9999983901262939,0.9808634139762472,0.9858314027739248
ckpt/sft_1.5b_214,0.9306954352254027,0.9689735086848521,0.949371638721776,0.9702030228403583,0.9827577504359819,0.9716652860280788,0.9405474292109933,0.980044842535721,0.972247034607755,0.9921256156922008,0.8506301007104659,0.9780852447315984,0.9368830531956516,0.9534971823506939
gpt-4o-mini,0.9979941591838069,0.9977055834673734,0.9988546283885996,0.9916942806999239,0.9939870772511993,0.993985221434154,0.9899799301607736,0.995988804116077,0.9999970953281389,0.993984426267514,0.9636393749638902,0.9979943535106947,0.8805236191659993,0.9959910095359358
gpt-4o,0.9573415019329592,0.9871130811577953,0.8791867267918794,0.9647834114010478,0.8677346897646634,0.9619212495222659,0.831663307951863,0.9656425328470721,0.9999971021036975,0.9759484543973556,0.8557095161551883,0.8874878229310508,0.8456817715108423,0.779558296806692
