model,Afrikaans,Arabic,Chinese_(Simplified),English,French,German,Hebrew,Indonesian,Italian,Japanese,Korean,Spanish,Turkish,Vietnamese
text-completion-openai_Qwen_Qwen2.5-Math-1.5B-Instruct,51.515151515151516,42.42424242424242,74.74747474747475,79.7979797979798,72.72727272727273,58.58585858585859,39.39393939393939,62.62626262626263,60.60606060606061,67.67676767676768,45.45454545454545,67.67676767676768,53.535353535353536,49.494949494949495
