model,Afrikaans,Arabic,Chinese_(Simplified),English,French,German,Hebrew,Indonesian,Italian,Japanese,Korean,Spanish,Turkish,Vietnamese
text-completion-openai_Qwen_Qwen2.5-Math-1.5B-Instruct,54.54545454545454,41.41414141414141,71.71717171717171,75.75757575757575,67.67676767676768,56.56565656565656,42.42424242424242,60.60606060606061,56.56565656565656,63.63636363636363,47.474747474747474,65.65656565656566,53.535353535353536,57.57575757575758
