model,Afrikaans,Arabic,Chinese_(Simplified),English,French,German,Hebrew,Indonesian,Italian,Japanese,Korean,Spanish,Turkish,Vietnamese
text-completion-openai_Qwen_Qwen2.5-Math-1.5B-Instruct,59.59595959595959,45.45454545454545,70.70707070707071,73.73737373737373,71.71717171717171,63.63636363636363,43.43434343434344,58.58585858585859,60.60606060606061,67.67676767676768,48.484848484848484,73.73737373737373,50.505050505050505,48.484848484848484
