model,Afrikaans,Arabic,Chinese_(Simplified),English,French,German,Hebrew,Indonesian,Italian,Japanese,Korean,Spanish,Turkish,Vietnamese
text-completion-openai_Qwen_Qwen2.5-Math-1.5B-Instruct,60.60606060606061,52.52525252525253,70.70707070707071,77.77777777777779,67.67676767676768,66.66666666666666,45.45454545454545,62.62626262626263,61.61616161616161,62.62626262626263,48.484848484848484,72.72727272727273,49.494949494949495,57.57575757575758
