model,Afrikaans,Arabic,Chinese_(Simplified),English,French,German,Hebrew,Indonesian,Italian,Japanese,Korean,Spanish,Turkish,Vietnamese
text-completion-openai_Qwen_Qwen2.5-Math-1.5B-Instruct,55.55555555555556,44.44444444444444,71.71717171717171,75.75757575757575,64.64646464646465,57.57575757575758,46.464646464646464,59.59595959595959,60.60606060606061,67.67676767676768,48.484848484848484,64.64646464646465,50.505050505050505,51.515151515151516
