model,Afrikaans,Arabic,Chinese_(Simplified),English,French,German,Hebrew,Indonesian,Italian,Japanese,Korean,Spanish,Turkish,Vietnamese
text-completion-openai_Qwen_Qwen2.5-Math-1.5B-Instruct,58.58585858585859,44.44444444444444,76.76767676767676,74.74747474747475,69.6969696969697,58.58585858585859,44.44444444444444,61.61616161616161,58.58585858585859,63.63636363636363,50.505050505050505,68.68686868686868,48.484848484848484,51.515151515151516
