model,Afrikaans,Arabic,Chinese_(Simplified),English,French,German,Hebrew,Indonesian,Italian,Japanese,Korean,Spanish,Turkish,Vietnamese
text-completion-openai_Qwen_Qwen2.5-Math-1.5B-Instruct,56.56565656565656,48.484848484848484,73.73737373737373,82.82828282828282,65.65656565656566,60.60606060606061,44.44444444444444,58.58585858585859,66.66666666666666,62.62626262626263,54.54545454545454,71.71717171717171,56.56565656565656,49.494949494949495
