model,Afrikaans,Arabic,Chinese_(Simplified),English,French,German,Hebrew,Indonesian,Italian,Japanese,Korean,Spanish,Turkish,Vietnamese
text-completion-openai_Qwen_Qwen2.5-Math-1.5B-Instruct,54.54545454545454,44.44444444444444,79.7979797979798,77.77777777777779,73.73737373737373,61.61616161616161,47.474747474747474,61.61616161616161,61.61616161616161,59.59595959595959,51.515151515151516,64.64646464646465,49.494949494949495,45.45454545454545
