model,Afrikaans,Arabic,Chinese_(Simplified),English,French,German,Hebrew,Indonesian,Italian,Japanese,Korean,Spanish,Turkish,Vietnamese
text-completion-openai_Qwen_Qwen2.5-Math-1.5B-Instruct,54.54545454545454,46.464646464646464,75.75757575757575,75.75757575757575,69.6969696969697,62.62626262626263,55.55555555555556,57.57575757575758,63.63636363636363,66.66666666666666,49.494949494949495,66.66666666666666,54.54545454545454,56.56565656565656
