model,Afrikaans,Arabic,Chinese_(Simplified),English,French,German,Hebrew,Indonesian,Italian,Japanese,Korean,Spanish,Turkish,Vietnamese
text-completion-openai_Qwen_Qwen2.5-Math-1.5B-Instruct,58.58585858585859,52.52525252525253,76.76767676767676,70.70707070707071,71.71717171717171,60.60606060606061,41.41414141414141,62.62626262626263,64.64646464646465,61.61616161616161,50.505050505050505,68.68686868686868,52.52525252525253,51.515151515151516
