model,Afrikaans,Arabic,Chinese_(Simplified),English,French,German,Hebrew,Indonesian,Italian,Japanese,Korean,Spanish,Turkish,Vietnamese
text-completion-openai_Qwen_Qwen2.5-Math-1.5B-Instruct,55.55555555555556,44.44444444444444,75.75757575757575,71.71717171717171,64.64646464646465,55.55555555555556,46.464646464646464,56.56565656565656,62.62626262626263,58.58585858585859,49.494949494949495,60.60606060606061,49.494949494949495,52.52525252525253
