model,Afrikaans,Arabic,Chinese_(Simplified),English,French,German,Hebrew,Indonesian,Italian,Japanese,Korean,Spanish,Turkish,Vietnamese
text-completion-openai_Qwen_Qwen2.5-Math-1.5B-Instruct,55.55555555555556,45.45454545454545,75.75757575757575,78.78787878787878,68.68686868686868,63.63636363636363,47.474747474747474,59.59595959595959,60.60606060606061,65.65656565656566,51.515151515151516,67.67676767676768,56.56565656565656,53.535353535353536
